title,artist
Réalité augmentée,Nekfeu
Poseidon,Django
Α. Nwaar Is The New Black,Damso
B. #QuedusaalVie,Damso
Γ. Mosaïque solitaire,Damso
Δ. Dieu ne ment jamais,Damso
Ε. Signaler,Damso
Ζ. Kietu,Damso
Η. Gova,Damso
Θ. Macarena,Damso
Ι. Peur d'être père,"Damso, Youri"
Κ. Kin la belle,Damso
Λ. Lové,Damso
Μ. Noob Saibot,Damso
N. J Respect R,Damso
Ξ. Une âme pour deux,Damso
BLOOD.,Kendrick Lamar
DNA.,Kendrick Lamar
YAH.,Kendrick Lamar
ELEMENT.,Kendrick Lamar
FEEL.,Kendrick Lamar
LOYALTY.,"Kendrick Lamar,"
PRIDE.,Kendrick Lamar
HUMBLE.,Kendrick Lamar
LUST.,Kendrick Lamar
LOVE.,"Kendrick Lamar,"
XXX.,"Kendrick Lamar,"
FEAR.,Kendrick Lamar
GOD.,Kendrick Lamar
DUCKWORTH.,Kendrick Lamar
Humanoïde,Nekfeu
Mauvaise graine,Nekfeu
Squa,Nekfeu
Avant tu riais,"Nekfeu, Clara Luciani"
Esquimaux,"Nekfeu, Népal"
O.D,"Nekfeu, Murkage Dave"
Vinyle,"Nekfeu, Alpha Wann"
Saturne,"Nekfeu, Sneazzy,"
Galatée,Nekfeu
Le regard des gens,"Nekfeu, Nemir, 2zer, ,"
Programmé,Nekfeu
Besoin de sens,"Nekfeu, FRAMAL,"
Nekketsu,"Nekfeu, Crystal Kay"
Réseaux,Niska
Top album,Mister V
Venice,Mister V
Petit déjeuner,Mister V
Deutsche Qualität,"Mister V, Samy Ceezy"
Demain,Mister V
Nightcall,Mister V
Apollo13,"Mister V, Juice"
Bulletproof,Mister V
Space Jam,"Mister V, Hayce Lemsi,"
Gville,"Mister V, Tortoz"
Thérapie,Mister V
Cendrillon,Mister V
Bonobo (Bonus Track),Mister V
Antidote,Travis Scott
the ends,Travis Scott
way back,Travis Scott
through the late night,Travis Scott
beibs in the trap,Travis Scott
sdp interlude,Travis Scott
sweet sweet,Travis Scott
outside,Travis Scott
goosebumps,Travis Scott
first take,Travis Scott
pick up the phone,"Young Thug, Travis Scott"
lose,Travis Scott
guidance,Travis Scott
wonderful,Travis Scott
BUTTERFLY EFFECT,Travis Scott
Ils pensent,Krisy
Magnolia,Playboi Carti
Fêter,Panama Bende
Swimming Pools (Drank),Kendrick Lamar
Brigade fantôme,"Assy, Youv Dee"
Mwaka Moon,"Kalash, Damso"
Vrai négro,13 Block
Numb,Linkin Park
Salé,Niska
rockstar,"Post Malone, 21 Savage"
Malaise,Lomepal
Je pense à toi,Hornet La Frappe
Dark Light,Night Lovell
Madre mia (feat. Ninho),"Sadek, Ninho"
Gucci Gang,Lil Pump
La face cachée de la lune,Senamo
Menace,Kaaris
RPG,Kaaris
Tutoyer le ciel,Lord Esperanza
Zone (feat. Nekfeu & Dizzee Rascal),"Orelsan, Nekfeu,"
Somme,13 Block
Favaro,Zamdane
iRun (feat. Lil Yachty),"PnB Rock, Lil Yachty"
Batman,Jaden
GUMMO,6IX9INE
Tuba Life,"Niska, Booba"
Savon,Le Club
Eye of the Tiger,Survivor
John Lennon,The Underachievers
L$D,A$AP Rocky
Lord Pretty Flacko Jodye 2 (LPFJ2),A$AP Rocky
Friday,Booba
Drapeau noir,Booba
Trône,Booba
Bouyon,"Booba, GATO"
Magnifique,Booba
Ça va aller,"Booba, Niska, Sidiki Diabaté"
Nougat,Booba
Terrain,Booba
À la folie,Booba
113,"Booba, Damso"
Ridin',Booba
Petite fille,Booba
Je te promets,Johnny Hallyday
Centurion,Booba
Amicalement Vôtre,Guizmo
Vide,13 Block
De l'autre côté (feat. Nekfeu),"Ninho, Nekfeu"
O'kclh,4Keus Gang
Money Trees,"Kendrick Lamar,"
XO Tour Llif3,Lil Uzi Vert
Bank Account,21 Savage
Viseur,"Assy, Youv Dee"
Opening,Youv Dee
BOWSER,"Distrikt., Lymos, K.Lity, ,"
Thank God,Rilès
Désaccordé,Vald
Yuhi,Panama Bende
SmoothLa,Panama Bende
DANS LE SPRITE,"Coyote Jo Bastard,"
V.A.L.S.E,Vald
Wonder Why,Julian Perretta
Bum Bum Tam Tam,"MC Fioti, Future, , ,"
Vitrine,"Vald, Damso"
Hit Sale (feat. Roméo Elvis),"Therapie TAXI, Romeo Elvis"
Check,Young Thug
Drôle de question,"Romeo Elvis, Le Motel"
Chef,Caballero & JeanJass
J'ai vu,"Romeo Elvis, Le Motel,"
Nappeux,"Romeo Elvis, Le Motel,"
Lenita,"Romeo Elvis, Le Motel"
Agora,"Romeo Elvis, Le Motel,"
Méchant,Romeo Elvis
La Sauce,Hamza
Plus haut (Les marches de l’empereur Saison 3 / épisode 1),"Alkpote, Vald"
La deb,BRVMSOO
Dans le vrai,Rohff
Dans Le Teum,LTF
Sheguey 12,Gradur
Tunnel Vision,Kodak Black
Elle m'a eu,Ninho
Psycho,"Post Malone, Ty Dolla $ign"
Carton rouge,Lorenzo
Bob Marley,Dadju
Look Alive (feat. Drake),"BlocBoy JB, Drake"
Squale (feat. Chich),"Jok'air, Chich"
SAD!,XXXTentacion
Moonlight,XXXTentacion
Antarctica,$uicideboy$
Save That Shit,Lil Peep
Lundi,Sofiane
4 Days,"Belly, YG"
123,"Smokepurpp, Murda Beatz"
Trap Phone (feat. Desiigner),"Don Q, Desiigner"
Hell Of A Night,Schoolboy Q
There He Go,Schoolboy Q
Triple bicéphale,Ledé Markson
Pavé,Ninho
Bavard,Ninho
Fendi,Ninho
M.I.L.S 2.0,Ninho
44 (feat. Yaro),"Ninho, Yaro"
"Everyday (feat. Rod Stewart, Miguel & Mark Ronson)","A$AP Rocky, Rod Stewart, ,"
Ginseng Strip 2002,Yung Lean
Ma substance (feat. Chich),"MZ, Chich"
Vortex,Alpha Wann
Alph Lauren,Alpha Wann
À deux pas,"Alpha Wann, Nekfeu"
Lunettes noires,"Alpha Wann, S.Pri Noir"
Triple S,13 Block
Calibre,13 Block
Turban,Alpha Wann
Life,Hamza
Real Madrid,Dabs
Potentiel (feat. Orelsan),"Lefa, Orelsan"
Fusée Ariane,S.Pri Noir
Rolex,Ayo & Teo
Paradise (feat. Lomepal),"Lefa, Lomepal"
Shade,IAMDDB
Gotham,Booba
La tempête,Bigflo & Oli
Mood (Interlude),13 Block
Sale,13 Block
Better Now,Post Malone
Sur Mon Nom,Caballero & JeanJass
Extasy,Zola
Beleck,13 Block
A A A,PLK
Pas les mêmes,PLK
260,PLK
Go (feat. Krisy),"PLK, Krisy"
Pas besoin,PLK
Colis piégés (feat. Lefa),"PLK, Lefa"
Copine,PLK
High,PLK
Homies,PLK
Ténébreux,PLK
Mi Gna (feat. Hayko) (Maître Gims Remix),"GIMS, Super Sako,"
Habitué,Dosseh
Tu le C,Lorenzo
Santana,Alonzo
Clout (feat. 21 Savage),"Ty Dolla $ign, 21 Savage"
CDM,Lefa
Corazón,GIMS
J'me téléporte (feat. Dadju & S.Pri Noir),"Lefa, Dadju, S.Pri Noir"
Balle au pied (feat. Sneazzy),"Lefa, Sneazzy"
Montana,Lefa
Feu de bois,Damso
Aux paradis,Damso
NMI,Damso
Perplexe,Damso
Smog,Damso
Noir meilleur,Damso
Rose & Bleu,Senamo
Mon survet,Jok'air
Bizarre,"Lorenzo, Vald"
Sharif,Zola
Plongé dans ma folie,Guizmo
Complètement sonné,KeBlack
No Flockin',Kodak Black
Alright,Supergrass
Skrilla (Kodak Black Skrilla),"Young Zio, Tyfoe"
Deviens génial,Vald
Skrt,Kodak Black
Ridin',Riding Dirty
Brest Bay,Stand High Patrol
Now You're Gone (feat. DJ Mental Theos Bazzheadz) (Radio Edit),"Basshunter, DJ Mental Theos Bazzheadz"
NUMB,XXXTentacion
La deb,BRVMSOO
Ténébreux #1,Koba LaD
Hard Twelve (The Ante),Beat Assailant
STARGAZING,Travis Scott
Taking A Walk,Trippie Redd
Solo (feat. Demi Lovato),"Clean Bandit, Demi Lovato"
Air Max,"Rim'K, Ninho"
Nevermind,Dennis Lloyd
Ta marinière,Hoshi
"FEFE (feat. Nicki Minaj, Murda Beatz)","6IX9INE, Nicki Minaj,"
Vert et jaune,Vh Gang
J'aime trop ça,Di-Meh
Chanel,Di-Meh
90210 (feat. Kacy Hill),"Travis Scott, Kacy Hill"
Turtle Feet,"Ikaz Boi, Adamn Killa"
ÇA VA ENSEMBLE,Alpha Wann
The Ringer,Eminem
STUPÉFIANT ET NOIR,Alpha Wann
Cash Time,Hamza
Home (KOD),Playboi Carti
Over Now,Post Malone
El Presidente,Jazzy Bazz
Buenos Aires - Paris,Jazzy Bazz
Stalker,"Jazzy Bazz, Nekfeu,"
Cinq heures du matin,Jazzy Bazz
Normal,Eminem
Not Alike,"Eminem, Royce da 5'9"""
Good Guy,"Eminem, Jessie Reyez"
High (feat. Hamza),"Myth Syzer, Ikaz Boi,"
In My Mind,"Dynoro, Gigi D'Agostino"
Paradis d'amour,Krisy
Cache-Cache,Columbine
Mana,Vald
Billets verts,Maes
Midi dans le ghetto,"4Keus Gang, Ninho"
Tierquar,RK
1000°C,"Lomepal, Romeo Elvis"
STARSKY & HUTCH,Alpha Wann
Taga,Hornet La Frappe
Stepping Stone,Eminem
CASCADE (Remix),Alpha Wann
LANGAGE CRYPTÉ,Alpha Wann
Jettski Grizzley (feat. Lil Pump),"Tee Grizzley, Lil Pump"
Joe Dassin,Hornet La Frappe
Flash à la main,Hornet La Frappe
T'as qu'à tirer,Hornet La Frappe
Rock With You,Ateyaba
Encore (feat. Sofiane),"Sadek, Sofiane"
Ma 6t a craqué (feat. Ninho),"Kpoint, Ninho"
Designer,Hamza
Mona Lisa,"Lil Wayne, Kendrick Lamar"
On est sur les nerfs,Ateyaba
Vision,Ateyaba
Playa Part. II,Ateyaba
Rafaler,"Q.E Favelas, Kaaris, ,"
Drive By,"Dinos, Sadek, Ixzo"
"More Than A Woman (From ""Saturday Night Fever"" Soundtrack)",Bee Gees
Loto,Josman
Adieu bientôt,Columbine
Reach Out,George Duke
Mirador,Columbine
En vain,Columbine
Sheitana (feat. Ninho),"Hornet La Frappe,"
Indochine,Columbine
Jrefaiscequejevois,Columbine
Grisbis,Ateyaba
Anubis,"Ateyaba, Bip's"
501 lunettes Cartier (feat. Lino),Ateyaba
Amidala,Ateyaba
Amistad,Ateyaba
Never Recover,"Lil Baby, Gunna,"
Bart Simpson,Columbine
Borderline,Columbine
La gloire ou l'asile,Columbine
Stockholm,Columbine
Le bal des fous,Columbine
Madrina,"Maes, Booba"
Le code,SCH
Le Duc de Boulogne,Booba
"Un Zder, Un Thé",Josman
Igot,Kidd Keo
Spiderman (Freestyle OKLM),Zola
Fucked Up 3,Josman
Lesbian,"Metro Boomin, Gunna,"
DLVrai,Josman
"Qui dit mieux (feat. Orelsan, Vald & Suikon Blaz AD)","Gringe, Orelsan, ,"
La C,Koba LaD
Facile,SCH
Hard Work Pays Off,"Future, Juice Wrld"
Entre les murs (feat. Ninho),"DA Uzi, Ninho"
Opus,Eric Prydz
"Pierre, feuille, papier, ciseaux","Columbine, Lujipeka,"
Polak,PLK
Monégasque,PLK
Hier (feat. SCH),"PLK, SCH"
250,PLK
Idiote,PLK
Gozier (feat. Paluch),"PLK, Paluch"
Bunkoeur,PLK
Olcho Gvng,PLK
Weed,PLK
V&V,Josman
Ouais ouais,Zola
Rêves bizarres (feat. Damso),"Orelsan, Damso"
Madara,Freeze Corleone
L'addition,"Heuss L'enfoiré,"
Juste pour voir,"S.Pri Noir, Nekfeu"
Guérilla,"Q.E Favelas, Koba LaD"
Take One,Kodak Black
TSN,Jok'air
Blessure d'amour,Take a Mic
Dans ses yeux,"Senamo, Senamo, Seyté and Mani Deiz, ,"
Hope U Don't Mind (Feat. Sean Kingston & French Montana),"DJ TWIN, Sean Kingston, ,"
Tu rêves,"Deen Burbigo, Nekfeu"
Intro,Freeze Corleone
Lester,Freeze Corleone
Gabrielle Solis,Nusky
Yemma,"Gros Mo, Nemir"
Tyson Guts,Tengo John
Champignon,Sirius
Dans le sang,Doums
C'est la vie,YZLA
Mo Bamba,Sheck Wes
Génération assassin,Booba
CPCBCB,"Dehmo, Hache-P,"
Shadow boxing,7 Jaws
Sunset,Set&Match
Good Life,"Juice, Mister V"
Live Your Life,T.I.
J'étais là,"luXe, Deen Burbigo"
Mercy,Madame Monsieur
Sourcils Froncés,Josman
Tout seul,Take a Mic
Baltimore,Kobo
Je roule,Krisy
Geronimo,OBOY
No Tube Zone,Vald
Massacre,"Myth Syzer, Oldpee"
Vilain,"Myth Syzer, Alkpote,"
Racks,"Myth Syzer, Loveni, ,"
Alpha,OBOY
Californie,Caballero & JeanJass
Oups,"Myth Syzer, Zed,"
Jeep,"Myth Syzer, Hamza"
Toute la nuit,"Myth Syzer, Loveni"
Cobra,OBOY
Extra,OBOY
Veste en cuir,OBOY
Chanel,Doxx
Oyé,Koba LaD
4K,"Ikaz Boi, TripleGo"
Et alors ?,Lord Esperanza
Espace temps,"Ledé Markson, Swing"
Teen Spirit,Columbine
Boîte noire,Columbine
Qualidad,L'Ordre Du Périph
Faut pas t'en faire,"Deen Burbigo, Gros Mo"
Saint Laurent,"Mister V, Rowjay"
KYLL,"Médine, Booba"
Ai No Corrida,"Quincy Jones, Dune"
F**ked Up (feat. Stensy),"Sirap, Stensy"
Recul,Koba LaD
Life Goal (feat. ThaHomey),"L'Ordre Du Périph, , , , ,"
Cross,"Myth Syzer, Ateyaba,"
Nuit,OBOY
Évite la,"Sneazzy, S.Pri Noir"
Fuck Love,"XXXTentacion, Trippie Redd"
Hurt People,"Two Feet, Madison Love"
Lucid Dreams,Juice Wrld
Trop beau,Lomepal
187,OBOY
La vraie vie,DA Uzi
Marvelous Day (feat. Lil Uzi Vert & Gunna),"Kap G, Lil Uzi Vert,"
A.T.R (feat. Booba),"twinsmatic, Booba"
Gmail,Sheck Wes
CAROUSEL,Travis Scott
60 années,Damso
Enfants terribles,"Columbine, Lujipeka,"
Trance,"Myth Syzer, Take a Mic"
Soleil,Ninho
Il se passe quoi,"Mac Tyer, Kaaris,"
Woah,"Sofiane, Vald, Mac Tyer, , , ,"
Gaucho,Freeze Corleone
Love,Youv Dee
Rachète,Koba LaD
LRH,Freeze Corleone
Moments durs,Koba LaD
Train de vie,Koba LaD
Jeremy Lin,Freeze Corleone
3 Planètes,Freeze Corleone
Fredo Santana,Freeze Corleone
Sacrifice de Masse (feat. Osirus Jack),"Freeze Corleone,"
m.A.A.d city,"Kendrick Lamar,"
R.I.P.,Playboi Carti
Benz,"Di-Meh, Slimka"
Ganja,"Ikaz Boi, Ateyaba,"
Western Union,"Di-Meh, Laylow"
Blocka,Di-Meh
Dynastie,"Slimka, Makala, Varnish La Piscine"
Mama,Maes
Tout oublier,"Angèle, Romeo Elvis"
Big Shit Talker,Dej Loaf
Falling Down (Bonus Track),"Lil Peep, XXXTentacion"
Jodeci Mob,Hamza
DEADPOOL,Famous Dex
Unforgettable (feat. Swae Lee),"French Montana,"
La vérité,"Lomepal, Orelsan"
Chambre 122,Koba LaD
Tout,Koba LaD
Jenny from da Blocka,"Sneazzy, Laylow,"
GT,Take a Mic
Salut,"Yaro, PLK"
Toxique,"Juice, Karlita Rose"
CVLF,H-LO
RVRE,"404Billy, Damso"
Wai petit frère,Take a Mic
Brolique,Take a Mic
Tout est mort,Take a Mic
Confiance,Take a Mic
Mode avion,Take a Mic
KKK,"Veerus, Freeze Corleone"
Mômes,Lomepal
Plus de larmes,Lomepal
Évidemment,Lomepal
1500,"Alpha Wann, OG L'enf"
Monster Truck,"2cheesemilkshake, ,"
Vendredi soir,Ico
Moment,Leith
Bae,"Caballero & JeanJass,"
L'huissier,Zed Yun Pavarotti
Ne Fuis Pas,2TH
Débrouillard,Kaaris
Toréador,VSO
Dans le vide,Josman
Slow (feat. Damso),Hamza
FeFe,Koba LaD
Fake Love,Di-Meh
Don Pablo,13 Block
Rechute,Vald
Valise,"Hornet La Frappe,"
Tesla,Nusky
Sakonveu,Yonn
Docteur,Les Alchimistes
Audigier (SkulaBanks),"Lord Esperanza,"
ByeBye,Bekar
Tony Hawk,Salut C'est Cool
Something Here for the Club (Vocal),Terrence Parker
Déchiré (feat. Orelsan),"Gringe, Orelsan"
Noticed,Lil Mosey
Seum,Vald
Mockingbird,Eminem
Mission,Take a Mic
La débrouille,BRVMSOO
Cruise,"Juice, Kaba"
Devil Eyes,Hippie Sabotage
Goutte d'eau,Ninho
Spleen,Dinos
Règlement Space #6,Doxx
4ZOO,Ledé Markson
Otage,Tsew The Kid
Khapta,"Heuss L'enfoiré,"
Ms. Jackson,Outkast
Sundress,A$AP Rocky
C'est pas grave,Columbine
Pumped Up Kicks,Foster the People
4-5,"Jok'air, R.O.C, Chich"
Speechless (feat. Erika Sirola),"Robin Schulz, Erika Sirola"
Hors de ma vue,Take a Mic
Mojo,Zola
Papers (feat. Ninho),"Zola, Ninho"
B.A.L,Zola
Qui nous l'empêche,L2B Gang
Cognitive,"Kodak Black, Lil Wayne"
Au DD,PNL
Parle pas trop,"Sneazzy, Caballero, ,"
Crazy (Tomorrowland Intro Mix),"Lost Frequencies,"
Deux frères,PNL
Maintenant,Jok'air
S'aimer en enfer,Seizur
Zolabeille,Zola
Act Like You Know,Fat Larry's Band
Raingurl,Yaeji
Tell Me Why,Sound Of Legend
High Hopes,Panic! At the Disco
Placebo,Dinos
Make That Move,Shalamar
Disco Inferno (Re-Recorded),The Trammps
Te Bote,"Nio Garcia, Darell,"
Commando,Niska
Flashé,Dinos
Iceberg Slim,Dinos
Hiver 2004,Dinos
Helsinki,Dinos
Bloody Mary (feat. Youssoupha),"Dinos, Youssoupha"
Club des 27,Jok'air
Indépendante (feat. Debbie Sparrow),"Jok'air, Debbie Sparrow"
LO1N (feat. Dissociated Largo),"ABESS, Dissociated Largo"
Taga,Youv Dee
Mercedes noire,Di-Meh
Amis d'avant,13 Block
CR,13 Block
Bombarder,13 Block
La reine du bal,Columbine
Où je vais,13 Block
Binks 2.0,13 Block
Old Town Road,Lil Nas X
Honey Henny,"Di-Meh, Caballero,"
Jeunesse,Di-Meh
Mortal Kombat,"Di-Meh, Makala"
Map monde,Di-Meh
All The Stars,"Kendrick Lamar,"
Shenmue,PNL
Celsius,PNL
Cœurs,PNL
Money (feat. Faouzia),"Ninho, Faouzia"
Cheum,Nekfeu
Menteur menteur,Nekfeu
Le bruit qui court,Nekfeu
Tricheur,"Nekfeu, Damso"
Koala mouillé,Nekfeu
Pixels,"Nekfeu, Crystal Kay"
MOWGLI II,PNL
Hombre,Take a Mic
Sacoche,Larry
Compte les hommes,"Nekfeu, Alpha Wann"
Energie sombre,Nekfeu
Sad Boy,Makala
Fumée verte,Panama Bende
JCVD,Jul
Elle est bonne sa mère,"Vegedream, Ninho"
Tudo Bem - La Relève,Loveni
Relance,"Loveni, Ichon"
Mac & Cheese,Hamza
Le coup du patron,"Dosseh, Gradur,"
Tahiti Bob,CG6
Binks (feat. Koba LaD),"100 Blaze, Koba LaD"
TerrainHoraireBoloss,Leto
Look Back at It,A Boogie Wit da Hoodie
We Own It (Fast & Furious),"2 Chainz, Wiz Khalifa"
Rue de la Roquette,Kazmi
Arms Around You (feat. Maluma & Swae Lee),"XXXTentacion, Lil Pump, ,"
Rock Out (feat. Brodinski),"Lil Reek, Brodinski"
Gaz,Larry
Lovebreak,"Tube & Berger, Milan Euringer"
Octane Sex,Lil Gnar
Traphouse,"Binks Beatz, Hamza"
Money,Cardi B
Goodbyes,"Post Malone, Young Thug"
Billets (feat. Ninho),"Capo Plaza, Ninho"
Clic clac (feat. 13 Block),"Hamza, 13 Block"
YPDS,Take a Mic
Oulala,Chilla
Gun salute,Kaaris
Problèmes,PLK
Bitch (feat. Vald),"Lefa, Vald"
Ma meilleure amie,Vald
Massa (feat. Mister V),"Dinor rdt, Mister V"
Pick Me Up Then Let Me Fall,Lil Rae
Philophobia,"Lil Rae, SadBoyCrush"
Ma guapa,"Hös Copperfield,"
A45,SKG
L'odeur du charbon,"Dosseh, Maes"
Autotune,Damso
Enzo (Malaa Remix),"DJ Snake, Sheck Wes, , ,"
HÉ OH,Gambi
Possédé,Djadja & Dinaz
La Guenav,Gambi
Lalala,"Y2K, Bbno$"
Mauvaise fréquentation,Dinor rdt
La flemme,MLVS
MDR (feat. Nikay & Drich),"Salakid, Drich, Nikay"
Tel Me,"Jul, Ninho"
Bling Bling,"Kaaris, Kalash Criminel,"
Gun Love Fiction,Makala
T Max,Popey
Tes parents (feat. Ninho),"Leto, Ninho"
Me Gusta,DTF
Rappelle-toi,"Naps, Heuss L'enfoiré"
Game over,Juice
Purple Noise,Boris Brejcha
L'ancien,Ninho
Ma teub,Mohand Baha
Las vegas,Jok'air
Comme tu es,"Jok'air, Alonzo"
Ghostface Killers (feat. Travis Scott),"21 Savage, Offset, ,"
Arai,PLK
Toute l'année (feat. Timal),"PLK, Timal"
Nana,PLK
Apogée,Juice
Bizz,Diddi Trix
Dans la ville,"DTF, N.O.S"
Mon gamos,DTF
Pasta,Larry
Nos souvenirs,"Jok'air, Chilla, Yseult"
Jok'travolta,Jok'air
Les yeux sont sur nous,Jok'air
Téla,Bekar
Popo,OBOY
Benibla freestyle,Lyonzon
Pour la moula,Djadja & Dinaz
Charbonner,Dinor rdt
Sankhara #3 (Lamelle),"Bolémvn, Landy"
La Peuf 4,Hornet La Frappe
Foufoune Palace,Luidji
Fusée,"MMZ, Jet"
Scarface,Booba
Rien à prouver,"Dibson, Elams"
Michel et ses khey,"Michel, Sneazzy"
Minuit 13 (feat. Christine and the Queens & Oxmo Puccino),"Hamza, Christine and the Queens,"
Avec Toi,OBOY
"Shook Ones, Part II","Everlast, Mobb Deep"
Training Day,Le A
POPOPOP,Gambi
Rodeo,"Lil Nas X, Cardi B"
Racks on Racks,Lil Pump
Gypsy Woman (She's Homeless) (Radio Edit),Crystal Waters
Bernardo Provenzano,BRVMSOO
Méchant méchant méchant,Kodes
Regarde-moi,Moji x Sboy
Ma génération,PLK
Maladresse,Laylow
Abdomen,Jok'air
Avant la douane,Jul
La mort a du goût,Bekar
El Dorado,"Hamza, Ramriddlz"
Coquillage,"Youv Dee, wondaGURL"
"City Lights, Pt. 2","Népal, wondaGURL"
Millésime,"Luidji, wondaGURL"
SOLITERRIEN,"Ikaz Boi, Damso"
Esperanza,Hilight Tribe
BAD DAYS,"Ikaz Boi, Hamza"
Woin Woin,"Larry, RK"
Ride It,Regard
Musica (feat. Ninho),"Soprano, Ninho"
Millenium,Joachim Pastor
800,Bekar
Sapologie,Bekar
Factice,Josman
Mack le Bizz Freestyle,Dinos
Jeune voyou cherche love,"A2H, Jok'air"
Un million par mois,Djadja & Dinaz
Batman,Kekra
ROXANNE,Arizona Zervas
Ne reviens pas,"Gradur, Heuss L'enfoiré"
Tout s'achète,"Kofs, Alonzo"
God Bless (feat. Damso),"Hamza, Damso"
Mi Amor,Hamza
R.A.C.,SCH
Verse la gnole,"Loveni, Myth Syzer,"
Bac +12 (feat. Koba LaD),"Hamza, Koba LaD"
Belek,Hamza
Back Up (feat. Wiz Khalifa),"Don Toliver, Wiz Khalifa"
RITMO (Bad Boys For Life),"Black Eyed Peas,"
Por La Vida,Hamza
Benzo (feat. Young ADZ),"Hamza, Young Adz"
Oseille,Hamza
Embourgeoisé,Hamza
G's Up Hoes Down,Hamza
Journal perso II,Vald
PISTOLET ROSE 2,Alpha Wann
Beyond Time,Waysons
We Got That Cool,"Yves V, Afrojack,"
Marie,Koba LaD
Distant,"Maes, Ninho"
MD (feat. Niska),"4Keus, Niska"
Loca (feat. Youv Dee),"Tsew The Kid, Youv Dee"
Weed,"Maes, Zed"
Double Bang 8,Leto
BEDO,Hornet La Frappe
Mémoire,Maes
Police,Maes
Blanche,"Maes, Booba"
Godzilla,"Eminem, Juice Wrld"
You Gon’ Learn,"Eminem, Royce da 5'9"","
Dans l'espace (feat. Heuss l'Enfoiré),"Gambi, Heuss L'enfoiré"
Monotonie,Ninho
Rockstar,RK
93% [Tijuana],"GLK, Landy, DA Uzi,"
Falling,Trevor Daniel
Life Is Good (feat. Drake),"Future, Drake"
Boulbi,Booba
Tout est calé (feat. Koba LaD),"Chily, Koba LaD"
24,IDK
Keskivonfer,Vald
Pardonne-moi,Sasso
Push The Feeling On (Mk Dub Revisited Edit),Nightcrawlers
What is Love,Haddaway
Cyanure (feat. Freeze Corleone),"Django, Freeze Corleone"
Elle sait,KIKESA
Éternité,"Jazzy Bazz, Nekfeu"
BURNING MAN (feat. Lomepal),"Laylow, Lomepal"
The Box,Roddy Ricch
Khaliss 2.0,Kodes
Too Many,Tyga
N°10,Booba
Sicario,"YL, Ninho"
À QUOI TU JOUES,Sneazzy
ZÉRO DÉTAIL,"Sneazzy, Nekfeu"
DIEU QUI ME GUIDE,"Sneazzy, Lefa"
MON PÈRE C'EST MA MÈRE,"Sneazzy, S.Pri Noir"
J'ENCAISSE,Sneazzy
IMESSAGE,Sneazzy
CIGARETTES,"Sneazzy, Arma Jackson"
6.3,"Naps, Ninho"
ÉTINCELLES,"Sneazzy, Nekfeu, ,"
Ride,"Di-Meh, Romeo Elvis"
HYBRIDE,"Eden Dillinger, Piège"
Double Bang 6,Leto
Aventador,Koba LaD
Méchant,Kodes
Freestyle Japon,100 Blaze
Ye te mogou,Chily
Seven Up,"Danitsa, Di-Meh,"
Ouest Side,Booba
Ouais ouais,"Booba, Mac Tyer"
Au fond de la classe,"Booba, Intouchable"
Biberon,"Bolémvn, Cdl, Chily"
500 €,Rim'K
Turbo,Rim'K
Promis (feat. PLK),"Timal, PLK"
Binta,Alonzo
Astronomia,"Vicetone, Tony Igy"
Glue,Bicep
Liquide rouge,Maes
Petite Bulle,Josman
L'amour du vide,HATIK
Angela,HATIK
C'est la cité,HATIK
Jour de paye,Booba
Validée,"Booba, Benash"
Légendaire,"GIMS, CHAKA 47"
Petit frère,IAM
Je danse le Mia,IAM
Question réponse,Larry
Dragovic,Maes
Nés sous la même étoile,IAM
Tout s’arrête,"Caballero & JeanJass,"
Cowboy,Hornet La Frappe
Plus rien à perdre,"Soprano, HATIK"
Yasska,"Sam's, Bosh, ALP"
No Idea,Don Toliver
Train de vie (feat. PLK),"Leto, PLK"
Changer de vie,Leto
GHETTO,Slimka
MEGATRON,Laylow
Docteur Lulu,"Zuukou mayzie, Osirus Jack"
Climax V 1.1,Emmanuel Top
L.K.T.E.B,13 Block
W (feat. Gunna),"Koffee, Gunna"
Enfant compliqué,Larry
Midnight,Rim'K
Pas vu pas pris,13 Block
Long Time (Intro),Playboi Carti
JAUNÉ,"Booba, Zed"
Basta,Moha La Squale
Routine,Larry
Crystal Lake (feat. Freeze Corleone),"Luv Resval, Freeze Corleone"
Fentanyl,Freeze Corleone
Argentique,Dinos
Interlude,SCH
Maille,"Youv Dee, Skuna"
Digestif,Alkpote
Roulette russe 7 #Thanos,Sadek
Tah sah,Lyonzon
BOÎTE 6 40 KIL,13 Block
SHORT VISION,"Varnish La Piscine,"
Téléporter,Tengo John
AMBITION,"Ikaz Boi, Kobo"
SupSup,Slimka
Take on Me,a-ha
Jolie demoiselle 2.0,"Key Largo, Alpha Wann"
Unemployed,Tierra Whack
Tabasco,Ico
Purification (Les marches de l'empereur Saison 3 / Episode 9),"Alkpote, Freeze Corleone"
Sundance,Népal
Honey,Zola
On Top,"Flume, T-shirt"
Djomb (Bien ou quoi),Bosh
Samantha,Ico
Un Cadeau,"Caballero & JeanJass, ,"
Je ne suis qu'un homme,Ichon
Noir ou blanc,"Ichon, Loveni"
San Frandisco,Dom Dolla
Siri 3,Ico
10K,"Bolémvn, Maes"
Euros,"RK, Maes"
Laisser faire,Nadjee
Goulag,Kaaris
Uh Uh (feat. Playboi Carti),Chief Keef
Bulletproof,"Khali, Loveni"
Sagittaire,Dinos
4 saisons,"Norsacce Berlusconi,"
SEVENOCLOCK (feat. Dinos),"twinsmatic, Dinos"
R5 et Murcielago,Alpha Wann
Abou Faraj,CFR
Eating Concrete (Original Mix),Reinier Zonneveld
Solo,Rohff
Maman dort,"S.Pri Noir, Alonzo"
Hot In Herre,Nelly
Good News,MAC MILLER
Some Say,Nea
Fell In Luv,"Playboi Carti, Bryson Tiller"
Petit cœur,13 Block
Pirate,"Ninho, Hös Copperfield"
Think About the Way,Ice MC
Get Back,Pop Smoke
Element,Pop Smoke
My Salsa,"Franglish, Tory Lanez"
Wow,Zola
Dolce Vita,Booba
Holdin On,Flume
Double binks (feat. Ninho & Zed),"Leto, Ninho, Zed"
Mec de la rue,Leto
Taga,Hornet La Frappe
Jolie nana,Aya Nakamura
ON S'TAILLE,Gambi
Sousou,Jul
Friendzoné,"Salim Benmoussa,"
Lunettes noires,OBOY
Smile (feat. SCH),"Lefa, SCH"
Mec de cité,"Yaro, Ninho, PLK"
Drill FR 4 (feat. Freeze Corleone),"Gazo, Freeze Corleone"
Don't You Worry Child (Radio Edit),"Swedish House Mafia,"
Close Your Eyes,"Felix Jaehn, Vize,"
Nouveaux riches (feat. Niska),"Leto, Niska"
696,Luv Resval
Astral,"Multi-interprètes,"
Cabeza,OBOY
Ready or Not,"Fugees, Ms. Lauryn Hill, ,"
Love Tonight (Edit),Shouse
Nonstop,Drake
Only You Freestyle,"Headie One, Drake"
PUFF PUFF PUFF,Gambi
Brillant,"Caballero & JeanJass,"
Zodiaque (feat. Da Uzi),"Soso Maness, DA Uzi"
NRV,Kaaris
Freestyle 2.7.0,Kaaris
Slide,Slimka
"I Found Love In You (12"" Club Mix)",Rhyze
Wassup Wassup,Loveni
VivaStreet,Niro
Bang A Gong (Get It On) (Electric Version),T. Rex
Crazy (feat. Tsew The Kid),"Geeeko, Tsew The Kid"
Nuit,"Geeeko, Chuki Beats"
All About U,"2Pac, Yani Hadati, , ,"
Gasolina (feat. Gambi),"Hamza, Gambi"
(Don't) Give Hate a Chance (Remastered),Jamiroquai
Sing Hallelujah!,Dr. Alban
Don't You (Forget About Me),Simple Minds
44 BullDog,Pop Smoke
Love Foolosophy (Radio Edit),Jamiroquai
Chandon et Moët (feat. Heuss l'Enfoiré),"PLK, Heuss L'enfoiré"
On sait jamais (feat. Niska),"PLK, Niska"
Les comptes,PLK
Dans les clips,PLK
C'est mort,PLK
Pourtant,PLK
Alleluia,PLK
La vie c'est marrant,PLK
Terrible,PLK
Au fond d'ma tête,PLK
Kanté,Slimka
Depeche Mode,"Makala, Slimka, Di-Meh"
Bout Me,Devour
Mayday (feat. Ninho),"SCH, Ninho"
Pipo Mambo,Slimka
One Shot (feat. Lil Baby),"YoungBoy Never Broke Again,"
Toujours dans le bloc,Tiitof
Comme papa,Tiitof
Move Your Feet (Radio Edit),Junior Senior
Like It Is,"Kygo, Zara Larsson,"
Need It,"Migos, YoungBoy Never Broke Again"
Forgot About Dre,"Dr. Dre, Eminem"
Just What I Am (Explicit Version),"Kid Cudi, King Chip"
Émotif (Booska 1H),PLK
Experience (feat. Laylow),"Cerrone, Laylow"
Un p'tit peu là,Ivan
Club,Lomepal
Champs-Élysées,SCH
"Changes (From ""Tupac: Resurrection"")",The Illest Rapper
MEVTR,Damso
Stick,Hamza
Ongoing Thing (feat. Oddisee),"20Syl, Oddisee"
Joli bébé,"Naza, Niska"
À la fête,UZI
SICKO MODE,Travis Scott
7 sur 7,"Koba LaD, Freeze Corleone"
Valise,"Rim'K, Koba LaD,"
Rap catéchisme,"Freeze Corleone,"
Pas de refrain,"Freeze Corleone,"
Problèmes du matin,Ninho
Freeze Raël,Freeze Corleone
La meilleure,"HATIK, Jok'air"
Terrasser,Gradur
Mecs de cités,"Sifax, Sofiane"
Bonbon à la menthe,"Jok'air, Mallaury"
Fonsdé toute la night,Lorenzo
Clic clac bang bang,"Jok'air, Laylow"
Last Night (feat. Keyshia Cole) (Radio Edit),"Diddy, Keyshia Cole"
Chica,Nemir
Sex On The Beach 2000,Mr.De'
Replace Me,"Nas, Big Sean, Don Toliver"
Bling,TESSÆ
Second Emotion,"Justin Bieber, Travis Scott"
IMMUNITÉ DIPLOMATIQUE,"Deen Burbigo, Alpha Wann"
See Me Fall (Y2K Remix),Ro Ransom
PALM ANGELS,Green Montana
PLACE VENDÔME,"Ikaz Boi, Oldpee"
Boozillé,"Caballero & JeanJass,"
You & I,"Dabeull, Holybrune"
Cafeteria (feat. Gunna),"Chase B, Don Toliver,"
Boston George,"Lacrim, Maes"
Coco Love,"Myth Syzer, Ichon"
Dernier texto,KIKESA
Riina Toto (feat. Maes),"13 Block, Maes"
Netero,Kage
PRBLMS,6lack
Babi,13 Block
La ramasse,13 Block
Akira,13 Block
Moins un,"Dinos, Nekfeu"
Le nord se souvient,"Dinos, Leto"
Judas,"Dinos, Zefor, Zikxo"
Madone,Dinos
Heps ou Plata,13 Block
Énervé,13 Block
"Writing's On The Wall (From ""Spectre"" Soundtrack)",Sam Smith
J’aimerais tellement,Kaza
Coffre plein,"Koba LaD, Maes,"
Kids (feat. MKLA),"KSHMR, Stefy De Cicco,"
Influenceur (Original Mix),Ascendant Vierge
Changement,Orelsan
"Ella, elle l'a (Remasterisé en 2004)",France Gall
Je fais le sourd,Jul
Elle et l'autre,Jul
You Rock My World,Michael Jackson
Lelele,TripleGo
Sex Sounds,Lil Tjay
Lovefool,twocolors
Rêve encore,KIKESA
Illimité,Kaaris
soldat tue soldat,"Alpha Wann, Kaaris,"
philly flingo,Alpha Wann
fahrenheit 451,Alpha Wann
Dreamland,Morray
POIZON,Laylow
Guccissima,"Heuss L'enfoiré,"
Diviser pour mieux régner,"Heuss L'enfoiré,"
Odd Look,"Kavinsky, The Weeknd"
LGBIRI,Ateyaba
Jen Selter,Ateyaba
Macaroni (feat. Ninho),"Leto, Ninho"
Mauvais réflexe,Luidji
Aminata (feat. PLK),"13 Block, PLK"
Les dodanes,13 Block
Je la connais,SCH
Allo maman,SCH
Rio Paris (Vol 447),S.Pri Noir
Gas,"Mister V, Gazo"
Potion,Mister V
Snitching,"Pop Smoke, Quavo,"
velux,Ratu$
PDM,"Freeze Corleone, ,"
Double Bang 5,Leto
9 Milli,Kekra
Save Your Tears,The Weeknd
Payphone (Edit),"Maroon 5, Wiz Khalifa"
FLAMME OLYMPIQUE,Alpha Wann
POMPEII (feat. Booba),"JSX, Booba"
Unité,"UNITE, Dadju, Soolking, ,"
Paris City Jazz,Bellaire
World Hold On,Bob Sinclar
"Or Nah (feat. The Weeknd, Wiz Khalifa & DJ Mustard) (Remix)","Ty Dolla $ign, The Weeknd, ,"
Vie de star (feat. Ninho),"Leto, Ninho"
RATPI WORLD,Booba
Elles ont trop joué avec mon coeur,Jok'air
Repose en paix Philippe,"Jok'air, Chich"
Spider,Hamza
Yeah Shit,Hamza
Headshot,Slimka
J'Rêve,Youv Dee
Même valeurs,Zkr
La brume,"Meryl, Le Motif"
Des années (feat. DA Uzi),"Hornet La Frappe,"
L'Occasion,Josman
Chien d'la casse,Diddi Trix
Vie normale,Achile
Ski Ton Père,Bracash
Papillon,Zed Yun Pavarotti
Livin' The (Good Life),DJ Assault
Parfum quartier,Jul
Thaïlande,"Dosseh, Bramsito"
Amour (feat. Philippe Katerine),"Alkpote, Philippe Katerine"
Cruel,OBOY
Viral,"Lala &Ce, S3nsi Molly"
Wu-Tang,OBOY
Saint-Léonard,Rowjay
Versatile,Kodak Black
Aller-retour,Sadek
Aim For The Moon,"Pop Smoke, Quavo"
Château noir,Kaaris
IRM,"Kaaris, Freeze Corleone"
Woo Shit,Maitchh
Mon poto (Extrait de la BO de « En Passant Pécho »),"Kore, Ninho"
CINÉ CLUB (feat. Laylow),"Dioscures, Laylow"
Entrax,Saturn Citizen
Astronaut In The Ocean,Masked Wolf
La kiffance,Naps
Mafia,SCH
Mannschaft (feat. Freeze Corleone),"SCH, Freeze Corleone"
Zone à danger,SCH
Loco,"Wit., Laylow"
Swish,Laylow
GJS (feat. Jul & SCH),"GIMS, SCH, Jul"
Crack,SCH
Champagne Shots,Sainte
Round & Round,Sainte
Teleport,Sainte
Turn Up,"Kalash Criminel,"
C’est Elle,"Alonzo, Ninho"
Paris c'est magique,Leto
MONTERO (Call Me By Your Name),Lil Nas X
Love Sosa,Chief Keef
Mood Swings,"Pop Smoke, Lil Tjay"
EUPHON,Gazo
Kimono (feat. SCH et Ninho),"Sadek, Ninho, SCH"
Scottie Pippen,Sadek
Alliance (feat. Vald),"Sadek, Vald"
Perroquet (feat. Kalash Criminel),"Sadek, Kalash Criminel"
Aller-retour,Sadek
CACHE COU (feat. Hache-P),"Gazo, Hache-P"
Be Clearr,Pop Smoke
MALAGANGX,Gazo
Slide,Bosh
Coeur abîmé,UZI
HAINE&SEX,Gazo
BELLE SOMME,"La Fève, Kosei"
Freestyle,Lil Baby
Près des étoiles,Soprano
Hollywood,Slimka
Pas un Euj,"Slimka, Jok'air"
Film Fr,"Slimka, Laylow"
Rien sans rien,Slimka
Promiscuous (Radio Edit),"Nelly Furtado, Timbaland"
Summer Jam (Video Edit),R.I.O
Enjoy the Silence,Depeche Mode
Flashing Lights,"Kanye West, Dwele"
WINDOW SHOPPER PART. 2 (feat. Hamza),"Laylow, Hamza"
STUNTMEN (feat. Alpha Wann & Wit.),"Laylow, Alpha Wann,"
SPECIAL (feat. Nekfeu & Fousheé),"Laylow, Nekfeu, Foushee"
R9R-LINE (feat. Damso),"Laylow, Damso"
LOST FOREST,Laylow
TDB,OBOY
STAY,"The Kid Laroi, Justin Bieber"
Passion,PinkPantheress
Infrarouge,"Loveni, Myth Syzer,"
Vous le savez,13 Block
Sorry (feat. Tayc),"Lefa, Tayc"
PLUG (feat. Jok'air),"Laylow, Jok'air"
COPACABANA,Chanceko
INDUSTRY BABY,"Lil Nas X, Jack Harlow"
Tunnel Vision,Slimka
Royaume,Alrima
Fight For This Love,Cheryl
Crois-moi (feat. Ninho),"DA Uzi, Ninho"
A la base,PLK
SOS,RK
Rari,Gradur
Fendi love,"Guy2Bezbar, Hamza"
Démons,"Angèle, Damso"
J'ATTENDAIS,Sneazzy
"IRIDESCENCE (feat. Khali, Yuri Online & Yunodji)","Realo, Khali, Yuri Online,"
Bruxelles je t’aime,Angèle
Time Time,"Trei Degete, Squeezie, ,"
Étincelle (Maradona),Tiakola
NO HOOK,La Fève
20.000 (feat. Alpha Wann),"EDGE, Alpha Wann"
"Je cherche (Extrait de la BO de ""Or Noir"")","RK, Or Noir"
Quotidien,"Koba LaD, Ninho"
Mr Sal,Niska
Adieu,Le Big T
À l'envers,"Take a Mic, Chanceko"
Steady Boy,"ELISA JO, Nekfeu"
